sigma1,sigma2,avg_open,prominence,noise_std
6.333333333333333,13.666666666666666,0.30269847553,0.25408224553000003,0.006772292798678564
